{
  "mae": 229.1374367480116,
  "rmse": 302.40722113070126,
  "r2": 0.9286675743851357,
  "cv_mae": 237.17653335288142,
  "training_date": "2025-12-01T22:07:37.543557",
  "model_version": "v3.0-TND",
  "feature_importance": {
    "years_experience": 0.6621148371733858,
    "level_encoded": 0.09922885574393064,
    "location_encoded": 0.13088811418024446,
    "skills_count": 0.01992034083194876,
    "title_encoded": 0.06487694666626082,
    "hours_per_week": 0.022970905404229445
  }
}